{"Personal Data Export for diinsoor24@gmail.com":{"about":{"group_label":"About","group_description":"Overview of export report.","items":{"about-1":[{"name":"Report generated for","value":"diinsoor24@gmail.com"},{"name":"For site","value":"Diinsoortv.com"},{"name":"At URL","value":"https:\/\/diinsoortv.com"},{"name":"On","value":"2026-02-11 12:35:09"}]}},"user":{"group_label":"User","group_description":"User&#8217;s profile data.","items":{"user-2":[{"name":"User ID","value":"2"},{"name":"User Login Name","value":"diinsoor"},{"name":"User Nice Name","value":"diinsoor"},{"name":"User Email","value":"diinsoor24@gmail.com"},{"name":"User URL","value":"https:\/\/diinsoortv.com"},{"name":"User Registration Date","value":"2026-02-07 02:53:24"},{"name":"User Display Name","value":"diinsoor"},{"name":"User Nickname","value":"diinsoor"},{"name":"User Description","value":"Our mission is to provide vital transitional and cultural services, the dooymedia  community to uphold cultural identity"}]}},"session-tokens":{"group_label":"Session Tokens","group_description":"User&#8217;s Session Tokens data.","items":{"session-tokens-2-95e502f60e2f8af5aaceafc43bd8a91d359146513694a09f2c8065184efedc05":[{"name":"Expiration","value":"February 13, 2026 05:47 AM"},{"name":"IP","value":"84.106.22.162"},{"name":"User Agent","value":"Mozilla\/5.0 (Windows NT 10.0; Win64; x64) AppleWebKit\/537.36 (KHTML, like Gecko) Chrome\/145.0.0.0 Safari\/537.36"},{"name":"Last Login","value":"February 11, 2026 05:47 AM"}]}},"media":{"group_label":"Media","group_description":"User&#8217;s media data.","items":{"post-21":[{"name":"URL","value":"https:\/\/diinsoortv.com\/wp-content\/uploads\/2024\/02\/9954f-61a6jlqvul._ac_uf8941000_ql80_.jpg"}],"post-96":[{"name":"URL","value":"https:\/\/diinsoortv.com\/wp-content\/uploads\/2024\/02\/1c148-20242266384450335752101211.jpg"}],"post-100":[{"name":"URL","value":"https:\/\/diinsoortv.com\/wp-content\/uploads\/2024\/02\/20491-20242266384453768724451981.jpg"}],"post-103":[{"name":"URL","value":"https:\/\/diinsoortv.com\/wp-content\/uploads\/2024\/02\/c6f55-20242266384453858424677511.jpg"}],"post-106":[{"name":"URL","value":"https:\/\/diinsoortv.com\/wp-content\/uploads\/2024\/02\/88a39-sayid-cali-sawir-kale-oo-maxkamadda-ah-diinsoortv.png"}],"post-109":[{"name":"URL","value":"https:\/\/diinsoortv.com\/wp-content\/uploads\/2024\/02\/c25dd-20242266384455459161632091.jpg"}],"post-136":[{"name":"URL","value":"https:\/\/diinsoortv.com\/wp-content\/uploads\/2024\/02\/8a2d0-diinsoor-somaliya.jpg"}],"post-151":[{"name":"URL","value":"https:\/\/diinsoortv.com\/wp-content\/uploads\/2024\/02\/a3cc1-f0ailqtxgaeyvuz1.jpg"}],"post-154":[{"name":"URL","value":"https:\/\/diinsoortv.com\/wp-content\/uploads\/2024\/02\/871af-aweys1.jpg"}],"post-169":[{"name":"URL","value":"https:\/\/diinsoortv.com\/wp-content\/uploads\/2024\/02\/8b448-36309920-9f33-4143-97de-a7f6678bd5411.jpg"}],"post-172":[{"name":"URL","value":"https:\/\/diinsoortv.com\/wp-content\/uploads\/2024\/02\/7f938-fb_img_17090435913801.jpg"}],"post-175":[{"name":"URL","value":"https:\/\/diinsoortv.com\/wp-content\/uploads\/2024\/02\/8c8e0-fede5927-acb2-4819-a3d7-e8e10a4e164a1.jpg"}],"post-178":[{"name":"URL","value":"https:\/\/diinsoortv.com\/wp-content\/uploads\/2024\/02\/85551-diinsoor-banner.png"}],"post-194":[{"name":"URL","value":"https:\/\/diinsoortv.com\/wp-content\/uploads\/2024\/02\/7b0fa-madaxweyne-xasan-sheekh-diinsoornews.jpg"}],"post-206":[{"name":"URL","value":"https:\/\/diinsoortv.com\/wp-content\/uploads\/2024\/02\/80f12-gudoomiye-maamul-40goboleedka-koonfur-galbeed-diinsoortv.png"}],"post-222":[{"name":"URL","value":"https:\/\/diinsoortv.com\/wp-content\/uploads\/2024\/02\/21bf1-fb_img_1708852367477-696x522-11.jpg"}],"post-223":[{"name":"URL","value":"https:\/\/diinsoortv.com\/wp-content\/uploads\/2024\/02\/24fe6-diinsoor-cayaarah.jpg"}],"post-263":[{"name":"URL","value":"https:\/\/diinsoortv.com\/wp-content\/uploads\/2024\/02\/79a12-diinsoor-bay-somaliya.jpg"}],"post-274":[{"name":"URL","value":"https:\/\/diinsoortv.com\/wp-content\/uploads\/2024\/02\/def08-sport-diinsoortv.png"}],"post-277":[{"name":"URL","value":"https:\/\/diinsoortv.com\/wp-content\/uploads\/2024\/02\/4bac5-somaliland-11.jpg"}],"post-280":[{"name":"URL","value":"https:\/\/diinsoortv.com\/wp-content\/uploads\/2024\/02\/5d474-amisom-diinsoor.jpg"}],"post-283":[{"name":"URL","value":"https:\/\/diinsoortv.com\/wp-content\/uploads\/2024\/02\/f935d-image_2024-02-29_161907676-678x3811-1.png"}],"post-289":[{"name":"URL","value":"https:\/\/diinsoortv.com\/wp-content\/uploads\/2024\/02\/67e61-18044c50-6245-4c0b-a0e8-124ad9002776-11.jpeg"}],"post-292":[{"name":"URL","value":"https:\/\/diinsoortv.com\/wp-content\/uploads\/2024\/02\/d0f40-images.jpg"}],"post-295":[{"name":"URL","value":"https:\/\/diinsoortv.com\/wp-content\/uploads\/2024\/02\/ba576-428523896_834803968690744_221243341704253959_n1.jpg"}],"post-298":[{"name":"URL","value":"https:\/\/diinsoortv.com\/wp-content\/uploads\/2024\/02\/0faf4-koonfur-galbed-somaliya.png"}],"post-326":[{"name":"URL","value":"https:\/\/diinsoortv.com\/wp-content\/uploads\/2024\/03\/4d1de-fb_img_17091929817851.jpg"}],"post-329":[{"name":"URL","value":"https:\/\/diinsoortv.com\/wp-content\/uploads\/2024\/03\/7b75a-qansaxdheere.jpg"}],"post-332":[{"name":"URL","value":"https:\/\/diinsoortv.com\/wp-content\/uploads\/2024\/03\/3d5b3-baraawe.jpg"}],"post-335":[{"name":"URL","value":"https:\/\/diinsoortv.com\/wp-content\/uploads\/2024\/03\/f388a-laftagareen-diinsoortv.jpg"}],"post-342":[{"name":"URL","value":"https:\/\/diinsoortv.com\/wp-content\/uploads\/2024\/03\/e32c2-dinsoortv-network.jpg"}],"post-356":[{"name":"URL","value":"https:\/\/diinsoortv.com\/wp-content\/uploads\/2024\/03\/1ee8f-qorista-farta-soomaaliga-diinsoortv.jpg"}],"post-359":[{"name":"URL","value":"https:\/\/diinsoortv.com\/wp-content\/uploads\/2024\/03\/dd513-dsc00523.jpg"}],"post-361":[{"name":"URL","value":"https:\/\/diinsoortv.com\/wp-content\/uploads\/2024\/03\/0327f-img-20240229-wa00771.jpg"}],"post-363":[{"name":"URL","value":"https:\/\/diinsoortv.com\/wp-content\/uploads\/2024\/03\/fb726-puntland-dani-liiska.jpg"}],"post-402":[{"name":"URL","value":"https:\/\/diinsoortv.com\/wp-content\/uploads\/2024\/03\/77a33-sheekh-aadan-maxamed-nuur-madoobe.jpg"}],"post-405":[{"name":"URL","value":"https:\/\/diinsoortv.com\/wp-content\/uploads\/2024\/03\/be8f5-farmaajo-diinsoortv-scaled-1.jpg"}],"post-410":[{"name":"URL","value":"https:\/\/diinsoortv.com\/wp-content\/uploads\/2024\/03\/b7c76-kooxda-fc-al-aamin-degmada-diinsoor.jpg"}],"post-448":[{"name":"URL","value":"https:\/\/diinsoortv.com\/wp-content\/uploads\/2024\/03\/69e11-kgs.png"}],"post-461":[{"name":"URL","value":"https:\/\/diinsoortv.com\/wp-content\/uploads\/2024\/03\/e4265-haaji-mubrak-foto.png"}],"post-462":[{"name":"URL","value":"https:\/\/diinsoortv.com\/wp-content\/uploads\/2024\/03\/e847f-haaji-mubrak.png"}],"post-501":[{"name":"URL","value":"https:\/\/diinsoortv.com\/wp-content\/uploads\/2024\/03\/663dc-senator-ibrahim-awgaab-osman-diinsoortv-e1709421269330.jpg"}],"post-517":[{"name":"URL","value":"https:\/\/diinsoortv.com\/wp-content\/uploads\/2024\/03\/3f261-fc-dooy-nederland-1.jpg"}],"post-521":[{"name":"URL","value":"https:\/\/diinsoortv.com\/wp-content\/uploads\/2024\/03\/e5ee4-fc-midnimo-vs-fc-al-aamin-degmada-diinsoor.jpg"}],"post-525":[{"name":"URL","value":"https:\/\/diinsoortv.com\/wp-content\/uploads\/2024\/03\/85292-wfp-diinsoornews.jpg"}],"post-530":[{"name":"URL","value":"https:\/\/diinsoortv.com\/wp-content\/uploads\/2024\/03\/87294-kiiska-luul-diinsootv.jpg"}],"post-533":[{"name":"URL","value":"https:\/\/diinsoortv.com\/wp-content\/uploads\/2024\/03\/81965-dinsoor_lgo-removebg-preview-1.png"}],"post-536":[{"name":"URL","value":"https:\/\/diinsoortv.com\/wp-content\/uploads\/2024\/03\/895a3-ethiopian-airlines-diinsoortv.jpg"}],"post-596":[{"name":"URL","value":"https:\/\/diinsoortv.com\/wp-content\/uploads\/2024\/03\/73cb0-ramadan-kareem-diinsoortv.png"}],"post-611":[{"name":"URL","value":"https:\/\/diinsoortv.com\/wp-content\/uploads\/2024\/03\/93073-fc-yaaqshiid.jpg"}],"post-613":[{"name":"URL","value":"https:\/\/diinsoortv.com\/wp-content\/uploads\/2024\/03\/829a9-whatsapp-image-2024-03-04-at-23.02.05_12d445d7.jpg"}],"post-614":[{"name":"URL","value":"https:\/\/diinsoortv.com\/wp-content\/uploads\/2024\/03\/f4efc-whatsapp-image-2024-03-04-at-23.02.05_985f42fb.jpg"}],"post-615":[{"name":"URL","value":"https:\/\/diinsoortv.com\/wp-content\/uploads\/2024\/03\/dcefe-whatsapp-image-2024-03-04-at-23.02.06_1b5e472a.jpg"}],"post-616":[{"name":"URL","value":"https:\/\/diinsoortv.com\/wp-content\/uploads\/2024\/03\/4c0de-whatsapp-image-2024-03-04-at-23.02.06_4c624fef.jpg"}],"post-617":[{"name":"URL","value":"https:\/\/diinsoortv.com\/wp-content\/uploads\/2024\/03\/55a27-whatsapp-image-2024-03-04-at-23.02.06_5a7c476c.jpg"}],"post-618":[{"name":"URL","value":"https:\/\/diinsoortv.com\/wp-content\/uploads\/2024\/03\/1d455-whatsapp-image-2024-03-04-at-23.02.06_20c7fb3a.jpg"}],"post-619":[{"name":"URL","value":"https:\/\/diinsoortv.com\/wp-content\/uploads\/2024\/03\/e9111-whatsapp-image-2024-03-04-at-23.02.06_42fb9bc1.jpg"}],"post-620":[{"name":"URL","value":"https:\/\/diinsoortv.com\/wp-content\/uploads\/2024\/03\/5f2f6-whatsapp-image-2024-03-04-at-23.02.06_907cf1af.jpg"}],"post-621":[{"name":"URL","value":"https:\/\/diinsoortv.com\/wp-content\/uploads\/2024\/03\/62af1-whatsapp-image-2024-03-04-at-23.02.07_0fe5e426.jpg"}],"post-622":[{"name":"URL","value":"https:\/\/diinsoortv.com\/wp-content\/uploads\/2024\/03\/0ca27-whatsapp-image-2024-03-04-at-23.02.07_2e1b9505.jpg"}],"post-623":[{"name":"URL","value":"https:\/\/diinsoortv.com\/wp-content\/uploads\/2024\/03\/73bf4-whatsapp-image-2024-03-04-at-23.02.07_3c187bc1.jpg"}],"post-624":[{"name":"URL","value":"https:\/\/diinsoortv.com\/wp-content\/uploads\/2024\/03\/65b44-whatsapp-image-2024-03-04-at-23.02.07_4d8b95db.jpg"}],"post-625":[{"name":"URL","value":"https:\/\/diinsoortv.com\/wp-content\/uploads\/2024\/03\/0bab4-whatsapp-image-2024-03-04-at-23.02.07_5df08646.jpg"}],"post-626":[{"name":"URL","value":"https:\/\/diinsoortv.com\/wp-content\/uploads\/2024\/03\/db0c2-whatsapp-image-2024-03-04-at-23.02.07_165ea233.jpg"}],"post-627":[{"name":"URL","value":"https:\/\/diinsoortv.com\/wp-content\/uploads\/2024\/03\/6872c-whatsapp-image-2024-03-04-at-23.02.07_9939bee4.jpg"}],"post-628":[{"name":"URL","value":"https:\/\/diinsoortv.com\/wp-content\/uploads\/2024\/03\/19f37-whatsapp-image-2024-03-04-at-23.02.07_a60cc2c0.jpg"}],"post-629":[{"name":"URL","value":"https:\/\/diinsoortv.com\/wp-content\/uploads\/2024\/03\/4f77a-whatsapp-image-2024-03-04-at-23.02.07_b762ac87.jpg"}],"post-630":[{"name":"URL","value":"https:\/\/diinsoortv.com\/wp-content\/uploads\/2024\/03\/d1e77-whatsapp-image-2024-03-04-at-23.02.07_ba9f92c4.jpg"}],"post-631":[{"name":"URL","value":"https:\/\/diinsoortv.com\/wp-content\/uploads\/2024\/03\/18bc6-whatsapp-image-2024-03-04-at-23.02.07_baa773d3.jpg"}],"post-632":[{"name":"URL","value":"https:\/\/diinsoortv.com\/wp-content\/uploads\/2024\/03\/01e47-whatsapp-image-2024-03-04-at-23.02.08_fbfb0a87.jpg"}],"post-634":[{"name":"URL","value":"https:\/\/diinsoortv.com\/wp-content\/uploads\/2024\/03\/a0ed0-diinsoor-cayaarah.jpg"}],"post-638":[{"name":"URL","value":"https:\/\/diinsoortv.com\/wp-content\/uploads\/2024\/03\/6102f-waziirada-somaliya.jpeg"}],"post-647":[{"name":"URL","value":"https:\/\/diinsoortv.com\/wp-content\/uploads\/2024\/03\/31b8e-kulamada-champions-league-ga-diinsoortvnetwork.jpg"}],"post-653":[{"name":"URL","value":"https:\/\/diinsoortv.com\/wp-content\/uploads\/2024\/03\/d6dc9-magaalada-baydhabo.jpg"}],"post-701":[{"name":"URL","value":"https:\/\/diinsoortv.com\/wp-content\/uploads\/2024\/03\/5fa66-wazaarada-tamarta-iyo-khayraadka-kgs.jpg"}],"post-705":[{"name":"URL","value":"https:\/\/diinsoortv.com\/wp-content\/uploads\/2024\/03\/ab6cd-kgs-quran.jpg"}],"post-711":[{"name":"URL","value":"https:\/\/diinsoortv.com\/wp-content\/uploads\/2024\/03\/17745-gaadiidka-iyo-duulista-somaliya.jpeg"}],"post-714":[{"name":"URL","value":"https:\/\/diinsoortv.com\/wp-content\/uploads\/2024\/03\/036c2-waziir-cabdulqaadir-maxamed-nuur.jpg"}],"post-721":[{"name":"URL","value":"https:\/\/diinsoortv.com\/wp-content\/uploads\/2024\/03\/f58a3-whatsapp-image-2024-03-07-at-11.05.21-am1.jpeg"}],"post-726":[{"name":"URL","value":"https:\/\/diinsoortv.com\/wp-content\/uploads\/2024\/03\/67d1a-2024376384538550313145201.jpg"}],"post-729":[{"name":"URL","value":"https:\/\/diinsoortv.com\/wp-content\/uploads\/2024\/03\/e19af-laftagareen-diinsoortv-1-e1709831194278.jpg"}],"post-733":[{"name":"URL","value":"https:\/\/diinsoortv.com\/wp-content\/uploads\/2024\/03\/57785-dooymedia.jpg"}],"post-737":[{"name":"URL","value":"https:\/\/diinsoortv.com\/wp-content\/uploads\/2024\/03\/b733f-6.jpg"}],"post-738":[{"name":"URL","value":"https:\/\/diinsoortv.com\/wp-content\/uploads\/2024\/03\/3cf08-429860816_3576859922632584_5417496775091614687_n.jpg"}],"post-739":[{"name":"URL","value":"https:\/\/diinsoortv.com\/wp-content\/uploads\/2024\/03\/b2e69-siyaarada-sayid-xaaji-ibraahim-sheekh-maxamed-1.jpg"}],"post-740":[{"name":"URL","value":"https:\/\/diinsoortv.com\/wp-content\/uploads\/2024\/03\/70fc8-siyaarada-sayid-xaaji-ibraahim-sheekh-maxamed-2.jpg"}],"post-741":[{"name":"URL","value":"https:\/\/diinsoortv.com\/wp-content\/uploads\/2024\/03\/47b9e-siyaarada-sayid-xaaji-ibraahim-sheekh-maxamed-3.jpg"}],"post-742":[{"name":"URL","value":"https:\/\/diinsoortv.com\/wp-content\/uploads\/2024\/03\/203ca-siyaarada-sayid-xaaji-ibraahim-sheekh-maxamed-4.jpg"}],"post-743":[{"name":"URL","value":"https:\/\/diinsoortv.com\/wp-content\/uploads\/2024\/03\/dd0d1-siyaarada-sayid-xaaji-ibraahim-sheekh-maxamed-5.jpg"}],"post-28810":[{"name":"URL","value":"https:\/\/diinsoortv.com\/wp-content\/uploads\/2017\/12\/10bc8-sample-image-44-1.png"}],"post-28820":[{"name":"URL","value":"https:\/\/diinsoortv.com\/wp-content\/uploads\/2022\/08\/c8f68-banner_new_1-1.jpg"}],"post-31210":[{"name":"URL","value":"https:\/\/diinsoortv.com\/wp-content\/uploads\/2024\/02\/df2ba-ff6adab0-c7f2-11ee-8ead-3114ba9ac1bb1.jpg"}],"post-31211":[{"name":"URL","value":"https:\/\/diinsoortv.com\/wp-content\/uploads\/2024\/02\/bb85d-52a83f70-c987-11ee-ace0-c35c1b4f6d821.jpg"}],"post-31212":[{"name":"URL","value":"https:\/\/diinsoortv.com\/wp-content\/uploads\/2024\/02\/8fc0e-e2e2c290-cf27-11ee-b83b-0f87a864f3721.jpg"}],"post-31213":[{"name":"URL","value":"https:\/\/diinsoortv.com\/wp-content\/uploads\/2024\/02\/74765-01000000-c0a8-0242-8d8c-08dbef5205cc_cx0_cy13_cw0_w1597_n_r1_st_s1.jpeg"}],"post-31227":[{"name":"URL","value":"https:\/\/diinsoortv.com\/wp-content\/uploads\/2024\/02\/5ed24-image_2024-02-26_073033382-678x381-11.png"}],"post-31228":[{"name":"URL","value":"https:\/\/diinsoortv.com\/wp-content\/uploads\/2024\/02\/37990-image_2024-02-25_083627447-678x381-11.jpg"}]}}}}